﻿AGENTCODE,SALE MANAGER,SALES EXECUTIVE,BRANCH,TELEPHONE 
R00013436,ANTOINETTE SAFO,FELICITY HEMANS,TAKORADI,0591171712
R00013437,ANTOINETTE SAFO,LINDA MENSAH,TAKORADI,0552470614
R00013441,ANTOINETTE SAFO,GRACE KWOFIE,TAKORADI,0257307822
R00013621,ANTOINETTE SAFO,DORA HAMMOND ,TAKORADI,0534326071
R00013622,ANTOINETTE SAFO,ISHMEL AGYEMANG MENSAH,TAKORADI,0556294526
R00013645,ANTOINETTE SAFO,HALIMATU TAHIRU,TAKORADI,0246469308
R00013640,DANIEL ABEL  ANKRAH,YVONNE ANANCOPHY,SOGAKOPE,0549655928
R00013868,DANIEL ABEL  ANKRAH,GODWIN NASH COMLANVI,NKAWKAW,0247015186
R00013639,DANIEL ABEL  ANKRAH,PERFECT AZAYOME,SOGAKOPE,0556056649
R00013933,DANIEL ABEL  ANKRAH,HARRIET SENAM KUMAFO,SOGAKOPE,0545117047
R00013934,DANIEL ABEL  ANKRAH,MATHIAS AGBOBLI,SOGAKOPE,0547221916
R00013935,DANIEL ABEL  ANKRAH,ERNEST VITTOR,SOGAKOPE,0551492432
R00013936,DANIEL ABEL  ANKRAH,MARIAMA ISSIFU,SOGAKOPE,0548227646
R00013646,DANIEL GYAMFI,RICHARD SAKYI,KOFORIDUA,0241361122
R00013647,DANIEL GYAMFI,DAVID ABADZI,KOFORIDUA,0542570262
R00013648,DANIEL GYAMFI,PETER AWIAMOH,KOFORIDUA,0552005856
R00013650,DANIEL GYAMFI,EMMANUEL AGBAGLAH DESIADENYO,KOFORIDUA,0547128736
R00013651,DANIEL GYAMFI,LIVINGSTONE OWUSU,KOFORIDUA,0553134057
R00013654,DANIEL GYAMFI,MARY PARIYEN YENUPAB,KOFORIDUA,0501133379
R00013657,DANIEL GYAMFI,EMMANUEL PARIYEN YENUBE MINTO,KOFORIDUA,0200872356
R00013836,DANIEL GYAMFI,SANDRA AMPOMAH,KOFORIDUA,0240369137
R00013856,DANIEL GYAMFI,ESTHER ADJEI SILOE,KOFORIDUA,0547603690
R00013875,DANIEL GYAMFI,PAULINA KONADU,KOFORIDUA,0552506257
R00013925,DANIEL GYAMFI,EMMANUEL SOWAH OKPOTI,KOFORIDUA,0596725300
R00013242,DANIEL SOMUAH TANSON,LATIFAH SHONUGAH,ASYLUM DOWN,0243689776
R00013244,DANIEL SOMUAH TANSON,ALBERT ESSEL - COBBINAH,ASYLUM DOWN,0541890908
R00013245,DANIEL SOMUAH TANSON,CASSANDRA BEDJIRAH,ASYLUM DOWN,0541909984
R00013667,DANIEL SOMUAH TANSON,MARTHA ADZO SENANU,ASYLUM DOWN,0553362185
R00013668,DANIEL SOMUAH TANSON,BRUCE KOBLA MAWULI DUHO,ASYLUM DOWN,0550759254
R00013669,DANIEL SOMUAH TANSON,DORA ASABEA AYESU,ASYLUM DOWN,0543361734
R00013266,DEBORAH JOHNSON,GODSWAY EGBI,ASYLUM DOWN,0551762613
R00013363,DEBORAH JOHNSON,RICHARD DOVIE,ASYLUM DOWN,0240796323
R00013820,DEBORAH JOHNSON,DENNIS KWABENA ANNAN,ASYLUM DOWN,0553677131
R00013821,DEBORAH JOHNSON,JOSHUA EZRA NII SACKEY OKU,ASYLUM DOWN,0596046391
R00013869,DEBORAH JOHNSON,RACHEAL FIAVOR,ASYLUM DOWN,0556992196
R00013880,DEBORAH JOHNSON,APPIAH OWUSU ANSAH,ASYLUM DOWN,0534419237
R00013922,EDMUND OPPONG NKETIA,BONA AWUAH,ASYLUM DOWN,0246049919
R00013265,EDMUND OPPONG NKETIA,BLESSING AGYENIM BOATENG,ASYLUM DOWN,0597554263
R00013276,EDMUND OPPONG NKETIA,SAMUEL BOAKYE - YIADOM,ASYLUM DOWN,0549408028
R00013313,EDMUND OPPONG NKETIA,MAVIS ANTWI,ASYLUM DOWN,0540968745
R00013644,EDMUND OPPONG NKETIA,VANESSA GYAAWA KOOMSON,ASYLUM DOWN,0200620669
R00013761,EDMUND OPPONG NKETIA,DOREEN EFE MACCAN AYIMEDU,ASYLUM DOWN,0242187165
R00013778,EDMUND OPPONG NKETIA,MERCY MENSAH,ASYLUM DOWN,0273673216
R00013887,EDMUND OPPONG NKETIA,BEATRICE OFORI,ASYLUM DOWN,0240580942
R00013509,DICKSON EMMANUEL NTIRI GYAMFI,OBIRI NYARKO RICHARD,KOFORIDUA,0246373782
R00013510,DICKSON EMMANUEL NTIRI GYAMFI,ERIC OWUSU YEBOAH,KOFORIDUA,0246425344
R00013512,DICKSON EMMANUEL NTIRI GYAMFI,ERNEST ATTAFUAH,KOFORIDUA,0541365151
R00013513,DICKSON EMMANUEL NTIRI GYAMFI,EDWARD DANSO ASADU,KOFORIDUA,0541123099
R00013514,DICKSON EMMANUEL NTIRI GYAMFI,RICHARD OWUSU,KOFORIDUA,0241466267
R00013516,DICKSON EMMANUEL NTIRI GYAMFI,PRINCE ANKAMA,KOFORIDUA,0591012724
R00013517,DICKSON EMMANUEL NTIRI GYAMFI,ARTHUR DORIS,KOFORIDUA,0541800771
R00013518,DICKSON EMMANUEL NTIRI GYAMFI,JOANA OFOSUA KISSI,KOFORIDUA,0243848984
R00013522,DICKSON EMMANUEL NTIRI GYAMFI,YVONNE ASARE,NKAWKAW,0257057286
R00013523,DICKSON EMMANUEL NTIRI GYAMFI,ERIC ASARE,NKAWKAW,0595736835
R00013524,DICKSON EMMANUEL NTIRI GYAMFI,EMMANUEL TETTEH,NKAWKAW,0549783737
R00013528,DICKSON EMMANUEL NTIRI GYAMFI,ESTHER ASARE,NKAWKAW,0599120980
R00013530,DICKSON EMMANUEL NTIRI GYAMFI,ABIGIAL WIAFE AGYEKUMWAA,NKAWKAW,0246652641
R00013641,DICKSON EMMANUEL NTIRI GYAMFI,EBENEZER ATIADZATA,NKAWKAW,0546451198
R00013642,DICKSON EMMANUEL NTIRI GYAMFI,GABRIELLA OWUSUA,NKAWKAW,0535625124
R00013752,DICKSON EMMANUEL NTIRI GYAMFI,ERIC KOFI ATTA,NKAWKAW,0240109821
R00013861,DICKSON EMMANUEL NTIRI GYAMFI,SANDRA YEBOAH OWUSUA,NKAWKAW,0536487690
R00013751,DICKSON EMMANUEL NTIRI GYAMFI,FRANCIS KOREE,NKAWKAW,0240096589
R00013839,DICKSON EMMANUEL NTIRI GYAMFI,ERNESTINA DEDAA,NKAWKAW,0555123403
R00013686,EMMANUEL MISHAEL ASANKOMAH,SAMUEL ASAANA,ASOKWA,0592091946
R00013750,EMMANUEL MISHAEL ASANKOMAH,CLEMENT OWUSU,ASOKWA,0532323924
R00013859,EMMANUEL MISHAEL ASANKOMAH,EUNICE AMPOSAH DONKOR,ASOKWA,0544621642
R00013569,EMMANUEL OBENG-MENSAH,LAWRENCIA WIAFE,SUNYANI,0541579363
R00013570,EMMANUEL OBENG-MENSAH,BERNARD GYAM,SUNYANI,0243016644
R00013574,EMMANUEL OBENG-MENSAH,ERIC BOAHEN,SUNYANI,0241990568
R00013575,EMMANUEL OBENG-MENSAH,JUDITH MENSAH,SUNYANI,0242958778
R00013576,EMMANUEL OBENG-MENSAH,DIANA OWUSU,SUNYANI,0249377752
R00013577,EMMANUEL OBENG-MENSAH,EMMANUEL KWASI AMPADU,SUNYANI,0248328397
R00013580,EMMANUEL OBENG-MENSAH,NAOMI ASARE,SUNYANI,0593072790
R00013851,EMMANUEL OBENG-MENSAH,ROSE AYAMBA,SUNYANI,0546766956
R00013888,EMMANUEL OBENG-MENSAH,PRISCILLA SERWAA BOATENG,SUNYANI,0544070363
R00013889,EMMANUEL OBENG-MENSAH,OLIVIA TENEWAA,SUNYANI,0530263506
R00013546,EMMANUEL TANDOH,ENNIN PATRICIA,ASOKWA,0560250635
R00013548,EMMANUEL TANDOH,MORPHICIAL OFORIWAA A,ASOKWA,0533294012
R00013852,EMMANUEL TANDOH,EDWIN SARFO,ASOKWA,0591763690
R00013853,EMMANUEL TANDOH,LETICIA GYASI,ASOKWA,0559833138
R00013854,EMMANUEL TANDOH,VIVIAN SERWAA,ASOKWA,0592635163
R00013773,EMMANUEL TANDOH,PATIENCE SEWORNU,ASOKWA,0536633932
R00013774,EMMANUEL TANDOH,STANLEY ADJEI,ASOKWA,0592265206
R00013814,EMMANUEL TANDOH,FRANCIS ANNOR,ASOKWA,0532576348
R00013815,EMMANUEL TANDOH,DORCAS AMA TUFFOUR,ASOKWA,0599712379
R00013816,EMMANUEL TANDOH,OBED AGYEMAN,ASOKWA,0206917512
R00013833,EMMANUEL TANDOH,PRINCE NANA ANTWI MENSAH,ASOKWA,0248920761
R00013863,EMMANUEL TANDOH,DERRICK ODURO ASAMOAH,ASOKWA,0247344213
R00013864,EMMANUEL TANDOH,MAVIS BOAKYE,ASOKWA,0534758285
R00013865,EMMANUEL TANDOH,IRENE ADJEI,ASOKWA,0535855339
R00013920,EMMANUEL TANDOH,EMMANUEL BOAKYE OSEI,ASOKWA,0273152104
R00013921,EMMANUEL TANDOH,MATTHEW APPIAH,ASOKWA,0543471009
R00013931,EMMANUEL TSIFOKOR,CLETUS MENSAH,ASYLUM DOWN,0246453672
R00013932,EMMANUEL TSIFOKOR,NANA ESI BROOKMAN,ASYLUM DOWN,0248183745
R00013775,ENOCH ANTWI,DORA MENSAH,ASOKWA,0542667432
R00013904,ENOCH ANTWI,ABIGIAL OWUSU-MANU,ASOKWA,0202638816
R00013919,ENOCH ANTWI,EVANS NKANSAH PEPRAH,ASOKWA,0598007374
R00013495,HAYFORD OSAE,ESTHER ANKU AGGREY,KASOA,0549898997
R00013496,HAYFORD OSAE,ABIGAIL ABA FOWA AMOO,KASOA,0560494878
R00013497,HAYFORD OSAE,JERFREY AMOANOO ENNISON,KASOA,0244800690
R00013499,HAYFORD OSAE,ABIGAIL ANO AWER,KASOA,0272488164
R00013505,HAYFORD OSAE,ALEX ANDOH ,KASOA,0546781308
R00013630,HAYFORD OSAE,VERA EDUFUL ,KASOA,0554177054
R00013812,HAYFORD OSAE,AMINATU SALIFU,KASOA,0508649069
R00013584,ISAAC TAKYI,KWASI ADOMAH,SUNYANI,0242977646
R00013585,ISAAC TAKYI,ERIC ANANE,SUNYANI,0507893438
R00013587,ISAAC TAKYI,SAMUEL AGYEI,SUNYANI,0203462008
R00013588,ISAAC TAKYI,FREEMAN FREDERICK GBEDEMAH,SUNYANI,0246633294
R00013664,ISAAC TAKYI,MARK TONTOH AMPOMAH,SUNYANI,0507888122
R00013665,ISAAC TAKYI,BISMARK OPPONG,SUNYANI,0544409942
R00013745,ISAAC TAKYI,JOHNERY ADOMAH,SUNYANI,0535976800
R00013746,ISAAC TAKYI,JOSEPH BOATENG,SUNYANI,0201767046
R00013809,ISAAC TAKYI,SOLOMON HENNEH,SUNYANI,0557342951
R00013810,ISAAC TAKYI,JOHNREY ADOMAH,SUNYANI,0535967680
R00013831,ISAAC TAKYI,ISAAC OPPONG,SUNYANI,0554172076
R00013842,ISAAC TAKYI,BENEDICTA KISIWAA,SUNYANI,0547639505
R00013883,ISAAC TAKYI,ESTHER BADU,SUNYANI,0243981817
R00013231,JAMES SEGLAH,ESTHER DAMEKOUR SEWU,TEMA,0554080451
R00013299,JAMES SEGLAH,DORIS ASANTEWAA NTOW,TEMA,0554586118
R00013333,JAMES SEGLAH,NUWORSU HANNAH,TEMA,0553166410
R00013386,JAMES SEGLAH,LOVE LAMPTEY,TEMA,0552427918
R00013406,JAMES SEGLAH,FORTUNE SEFAKOR AMETEFE,TEMA,0262720116
R00013407,JAMES SEGLAH,SARAH CLOTTEY,TEMA,0206338384
R00013408,JAMES SEGLAH,NAADU LARYEA,TEMA,0200722818
R00013628,JAMES SEGLAH,EVANS GHARTEY,TEMA,0599818868
R00013871,JAMES SEGLAH,BENJAMIN AMARTEY,TEMA,0548617847
R00013872,JAMES SEGLAH,STEPHEN POBIE,TEMA,0243583244
R00013874,JAMES SEGLAH,PATRICK OSEI,TEMA,0599094742
R00013884,JAMES SEGLAH,PHILIP NYARKO,TEMA,0505827221
R00013926,JOHN DZEBLE,MAAME ENYIMPA WOODRUFF,ASYLUM DOWN,0201324855
R00013927,JOHN DZEBLE,DIANA AFRAKUMAH ADU,ASYLUM DOWN,0555264339
R00013928,JOHN DZEBLE,JOHN KWEKU QUAINOO,ASYLUM DOWN,0242854054
R00013929,JOHN DZEBLE,ENOCH KWADWO TURKSON,ASYLUM DOWN,0201220866
R00013930,JOHN DZEBLE,JOSHUA SENA QUARSHIE,ASYLUM DOWN,0241288354
R00013373,LAWSON ATIDIGAH,FOSTER OSEI,HOHOE,0248652307
R00013358,LAWSON ATIDIGAH,JAPHET MORBU,HOHOE,0550118972
R00013351,LAWSON ATIDIGAH,FRANK SOKRO,HOHOE,0249968963
R00013352,LAWSON ATIDIGAH,WILBERFORCE ADRAKU,HOHOE,0248926018
R00013357,LAWSON ATIDIGAH,WILLIAMS DOGBEY,HOHOE,0240281781
R00013834,LAWSON ATIDIGAH,ABRAHAM KWABENA AMANOR,HOHOE,0558778924
R00013835,LAWSON ATIDIGAH,RICHARD NUBOR,HOHOE,0244446995
R00013844,LAWSON ATIDIGAH,KELVIN POGTAAH SENYO,HOHOE,0550868270
R00013885,LAWSON ATIDIGAH,BLESS YAO NUDEY,HOHOE,0597965935
R00013417,NANA NKUAH NKRUMAH,SAMUEL NYARKO,TAMALE,0248327262
R00013426,NANA NKUAH NKRUMAH,JUANITA AZADEKOR,TAMALE,0242354040
R00013428,NANA NKUAH NKRUMAH,PRINCE AMISAH,TAMALE,0559150708
R00013882,NANA NKUAH NKRUMAH,LYDIA AWINI,TECHIMAN,0591258900
R00013591,NANA NKUAH NKRUMAH,SOLOMON ACHEAMPONG,TECHIMAN,0595379841
R00013592,NANA NKUAH NKRUMAH,ALHASSAN MOHAMMED,TECHIMAN,0491628980
R00013886,NANA NKUAH NKRUMAH,MAXIMILLIAN APAMBILLA,TECHIMAN,0541522143
R00013476,NATHANIEL AKUGRI,BERNICE KETU,SWEDRU,0595049395
R00013483,NATHANIEL AKUGRI,KUMI NAA ASHLEY ,SWEDRU,0548091616
R00013472,NATHANIEL AKUGRI,BRIGHT ACQUAH,SWEDRU,0597227852
R00013474,NATHANIEL AKUGRI,JOSEPHINE SARAH ENNIN,SWEDRU,0541280305
R00013848,NATHANIEL AKUGRI,RAKIATU ABUBAKAR,SWEDRU,0534681415
R00013897,NATHANIEL AKUGRI,RAHAB GUWINDE,SWEDRU,0249786034
R00013898,NATHANIEL AKUGRI,CHRISTOPHER ESSOUN,SWEDRU,0542498783
R00013899,NATHANIEL AKUGRI,ANTHONY AWINZELIGO,SWEDRU,0245794307
R00013900,NATHANIEL AKUGRI,JULIUS ADAMS ADJEI,SWEDRU,0543472541
R00013901,NATHANIEL AKUGRI,ROSEMOND  E. AFFUL,SWEDRU,0554898670
R00013902,NATHANIEL AKUGRI,ABIGAIL KYEREMANTENG,SWEDRU,0257450318
R00013903,NATHANIEL AKUGRI,PATRICK OSAE,SWEDRU,0540646758
R00013419,PETERCLARK ABADAMKIA,SOYGILE ELIZEBETH,TAMALE,0248061310
R00013425,PETERCLARK ABADAMKIA,MOHAMMED ABDULAI KOJO,TAMALE,0207991265
R00013905,PETERCLARK ABADAMKIA,THOMAS THOMSON IDDRISU,TAMALE,0509575120
R00013906,PETERCLARK ABADAMKIA,ELLEN ABUGRI,TAMALE,0241895485
R00013907,PETERCLARK ABADAMKIA,LABARAN IDDRISU,TAMALE,0261343833
R00013908,PETERCLARK ABADAMKIA,HAMDIA ISSAHAKU,TAMALE,0247752653
R00013909,PETERCLARK ABADAMKIA,RASHIDA YUSSIF,TAMALE,0249087297
R00013910,PETERCLARK ABADAMKIA,GMAMALIBI ZIDANE TILIBA,TAMALE,0249659686
R00013923,PETERCLARK ABADAMKIA,PETER ATUBA,TAMALE,0243670348
R00013924,PETERCLARK ABADAMKIA,GENEVIVE NAYI SAMATA,TAMALE,0558823230
R00013893,PRINCE ANTWI MENSAH,ENOCH ABANNOH DONKOR,ASOKWA,0545947126
R00013894,PRINCE ANTWI MENSAH,ROBERT AKWASI HANS NTI,ASOKWA,0530932485
R00013895,PRINCE ANTWI MENSAH,THERESAH BAAFI BOAMAH,ASOKWA,0544490522
R00013896,PRINCE ANTWI MENSAH,PRISCILLA ATAA SERWAA,ASOKWA,0555466852
R00013305,RANSFORD DANIEL SARPONG,ABDUL KADIR MAJID DWOMOH,ASYLUM DOWN,0256405620
R00013388,RANSFORD DANIEL SARPONG,GLORIA BAKU,ASYLUM DOWN,0248413146
R00013749,RANSFORD DANIEL SARPONG,STANLEY TETTEH,ASYLUM DOWN,0509462274
R00013799,RANSFORD DANIEL SARPONG,FREDA OFOSUHENE ADDAE,ASYLUM DOWN,0548339266
R00013843,RANSFORD DANIEL SARPONG,MINNEHAHA QUAYE TETTEH,ASYLUM DOWN,0244211310
R00013873,RANSFORD DANIEL SARPONG,ALI MUSAH,ASYLUM DOWN,0589094742
R00013248,SETH OFORI AMANKWAH,KINGSLOVE SUNU,ASYLUM DOWN,0599789007
R00013267,SETH OFORI AMANKWAH,BENJAMIN KWASI GYAMFI,ASYLUM DOWN,0557078215
R00013269,SETH OFORI AMANKWAH,AARON AMIHERE,ASYLUM DOWN,0555234811
R00013292,SETH OFORI AMANKWAH,Alice Acheampong,ASYLUM DOWN,0246442900
R00013409,SETH OFORI AMANKWAH,FREDERICK APPIAH,ASYLUM DOWN,0245888811
R00013434,SUMAILA ABUDL - RAZAK,ADUKO ANAPOKA GIFTY,TAMALE,0548434748
R00013911,SUMAILA ABUDL - RAZAK,ALI ABUBAKARI,TAMALE,0201135144
R00013912,SUMAILA ABUDL - RAZAK,MUBARIK BASIRU,TAMALE,0500685816
R00013913,SUMAILA ABUDL - RAZAK,MUSTAPHA SUMAILA,TAMALE,0557306388
R00013914,SUMAILA ABUDL - RAZAK,JOYCE BIYAA,TAMALE,0553755390
R00013915,SUMAILA ABUDL - RAZAK,ABDUL-RAUF ISSAHAKU,TAMALE,0248999518
R00013916,SUMAILA ABUDL - RAZAK,INUSAH AWUDU,TAMALE,0240689090
R00013917,SUMAILA ABUDL - RAZAK,MARY BENYAH AMOS,TAMALE,0533429542
R00013918,SUMAILA ABUDL - RAZAK,ZAKARIA RUBBY RUHIA,TAMALE,0538175558
