﻿Name,Email,Phone number,Role
ANTOINETTE SAFO,asafo@impactlife.com.gh,0201381110,Sales_Manager
DANIEL ABEL  ANKRAH,dankrah@impactlife.com.gh,0241917414,Sales_Manager
DANIEL GYAMFI,dgyamfi@impactlife.com.gh,0551501211,Sales_Manager
DANIEL SOMUAH TANSON,dtanson@impactlife.com.gh,0242283776,Sales_Manager
DEBORAH JOHNSON,djohnson@impactlife.com.gh,0244654147,Sales_Manager
DICKSON EMMANUEL NTIRI GYAMFI,egyamfi@impactlife.com.gh,0244431718,Sales_Manager
EDMUND NARTEY ,enartey@impactlife.com.gh,0547637612,Back_office
EDMUND OPPONG NKETIA,enketia@impactlife.com.gh,0557679709,Sales_Manager
EMMANUEL KWAKU BOTCHWAY,ekbotchway@impactlife.com.gh,0245299268,Admin
EMMANUEL MISHAEL ASANKOMAH,easankomah@impactlife.com.gh,0242171232,Sales_Manager
EMMANUEL OBENG-MENSAH,eobeng@impactlife.com.gh,0240423438,Sales_Manager
EMMANUEL TANDOH,etandoh@impactlife.com.gh,0240650404,Sales_Manager
EMMANUEL TSIFOKOR,etsifokor@impactlife.com.gh,0246036723,Sales_Manager
ENOCH ANTWI,eantwi@impactlife.com.gh,0209497192,Sales_Manager
FREDERICK MARCELLO APPAU,fappau@impactlife.com.gh,0244064014,Manager
HAYFORD OSAE,hosae@impactlife.com.gh,0246948595,Sales_Manager
HERBERT MENSAH DOGLI,hdogli@impactlife.com.gh,0208982554,Admin
ISAAC TAKYI,itakyi@impactlife.com.gh,0595292475,Sales_Manager
JAMES SEGLAH,jseglah@impactlife.com.gh,0240210023,Sales_Manager
JOHN DZEBLE,jdzeble@impactlife.com.gh,0243338826,Sales_Manager
LAWSON ATIDIGAH,latidigah@impactlife.com.gh,0242703964,Sales_Manager
NANA NKUAH NKRUMAH,nnkrumah@impactlife.com.gh,0244901830,Sales_Manager
NATHANIEL AKUGRI,nakugri@impactlife.com.gh,0243208617,Sales_Manager
PETERCLARK ABADAMKIA,pabadamkia@impactlife.com.gh,0209158251,Sales_Manager
PRINCE ANTWI MENSAH,pantwi@impactlife.com.gh,0248920761,Sales_Manager
RANSFORD DANIEL SARPONG,rsarpong@impactlife.com.gh,0244267710,Sales_Manager
RAYMOND OSEI YEBOAH,ryeboah@impactlife.com.gh,0207417776,Admin
SETH OFORI AMANKWAH,samankwah@impactlife.com.gh,0244063285,Sales_Manager
SUMAILA ABUDL - RAZAK,asumaila@impactlife.com.gh,0243667487,Sales_Manager
